{
  "moderators": [
    "383494961",
    "369078726"
  ],
  "items": [],
  "cities": [
    {
      "name": "Львів",
      "regions": [
        {
          "name": "Сихів"
        }
      ]
    },
    {
      "name": "Калуш",
      "regions": []
    },
    {
      "name": "Франківськ",
      "regions": []
    },
    {
      "name": "Кеківстан",
      "regions": []
    }
  ],
  "pay": {
    "epay": "9898"
  },
  "test": [
    {
      "name": "Львів",
      "regions": [
        {
          "name": "Сихів",
          "items": [
            {
              "name": "Чашка",
              "count": 5
            }
          ]
        }
      ]
    }
  ]
}