{
    "start": {
        "keyboard": [
            [
                {"text": "Купити"}
            ], [
                {"text": "Питання"}
            ], [
                {"text": "Профіль користувача"}
            ]
        ], 
        "resize_keyboard": true
    },
    "admin": {
        "keyboard": [
            [
                {"text": "Товар"}
            ], [
                {"text": "Точки"}
            ], [
                {"text": "Модератори"}
            ],

            [
                {"text": "Налаштування"}
            ],

            [
                {"text": "Згенерувати ключ"}
            ]
        ], 
        "resize_keyboard": true
    },
    "moder": {
        "keyboard": [
            [
                {"text": "Наявність товару"}
            ], [
                {"text": "Додати товар в район"}
            ], [
                {"text": "/moder"}
            ]
        ], 
        "resize_keyboard": true
    },
    "items": {
        "keyboard": [
            [
                {"text": "Список товарів"}
            ], [
                {"text": "Додати товар"}
            ], [
                {"text": "Наявність товару"}
            ], [
                {"text": "/admin"}
            ]
        ], 
        "resize_keyboard": true
    },
    "points": {
        "keyboard": [
            [
                {"text": "Міста"}
            ], [
                {"text": "Райони"}
            ], [
                {"text": "/admin"}
            ]
        ], 
        "resize_keyboard": true
    },
    "cities": {
        "keyboard": [
            [
                {"text": "Додати місто"}
            ], [
                {"text": "/admin"}
            ]
        ], 
        "resize_keyboard": true
    },
    "regions": {
        "keyboard": [
            [
                {"text": "Додати район"}
            ], [
                {"text": "/admin"}
            ]
        ], 
        "resize_keyboard": true
    },
    "settings":{
        "keyboard": [
            [
                {"text": "Переглянути реквізити"}
            ], [
                {"text": "Оновити реквізити"}
            ]
        ], 
        "resize_keyboard": true
    }
}
